Date,Time,Open,High,Low,Close,Volume
2024-11-14,00:00:00,90375.21,90511.63,89685.1,90104.93,1980.1319
2024-11-14,01:00:00,90104.93,90444.0,89458.13,90372.01,2341.26104
2024-11-14,02:00:00,90372.0,90566.0,89664.0,90104.01,1526.15424
2024-11-14,03:00:00,90104.0,90220.0,89531.86,89937.02,1506.55837
2024-11-14,04:00:00,89937.03,90192.35,89320.37,90123.99,1549.89871
2024-11-14,05:00:00,90123.99,90123.99,89647.19,89957.22,1094.80806
2024-11-14,06:00:00,89957.23,90308.83,89283.5,89300.69,1465.14038
2024-11-14,07:00:00,89309.41,90850.0,89104.54,90769.42,2087.50442
2024-11-14,08:00:00,90769.42,91438.41,90329.8,90558.28,2547.27054
2024-11-14,09:00:00,90558.28,90918.18,90368.0,90909.01,1359.2503
2024-11-14,10:00:00,90909.01,91424.0,90840.01,91103.0,1937.65192
2024-11-14,11:00:00,91102.99,91657.77,90472.0,91491.86,2287.83266
2024-11-14,12:00:00,91491.85,91599.99,90945.0,91243.17,1587.33383
2024-11-14,13:00:00,91243.17,91380.0,90559.65,90754.42,2037.91332
2024-11-14,14:00:00,90754.42,91790.0,88639.76,88720.03,5271.45761
2024-11-14,15:00:00,88720.03,89638.5,87829.57,87947.99,6221.33894
2024-11-14,16:00:00,87947.99,89239.79,87526.74,89198.31,3863.10102
2024-11-14,17:00:00,89198.32,89449.49,88584.0,89239.35,1958.59519
2024-11-14,18:00:00,89239.35,89775.24,88916.8,89111.55,1486.62454
2024-11-14,19:00:00,89111.55,89664.19,89111.54,89463.99,1223.63851
2024-11-14,20:00:00,89463.99,89464.0,87565.01,87612.66,3373.06448
2024-11-14,21:00:00,87612.67,88280.91,87029.65,88227.22,3405.0167
2024-11-14,22:00:00,88227.23,88360.0,87050.0,87640.01,1875.13133
2024-11-14,23:00:00,87640.01,87771.85,86668.21,87325.59,2742.83285
2024-11-15,00:00:00,87325.59,88435.16,87252.0,87870.27,2102.34838
2024-11-15,01:00:00,87870.26,88168.63,87373.45,88098.99,1707.79199
2024-11-15,02:00:00,88098.99,88443.83,87736.0,88364.07,1227.36308
2024-11-15,03:00:00,88364.07,88473.7,88116.0,88218.21,995.01845
2024-11-15,04:00:00,88218.22,88242.43,87073.38,87454.57,2138.56254
2024-11-15,05:00:00,87454.58,87860.46,87276.01,87724.0,1229.77864
2024-11-15,06:00:00,87724.0,88182.69,87584.2,88182.67,1425.90985
2024-11-15,07:00:00,88182.68,88391.99,87588.0,87612.0,2089.72502
2024-11-15,08:00:00,87612.01,88165.91,87368.0,88082.96,1347.90092
2024-11-15,09:00:00,88082.96,89350.0,88024.4,89195.99,2296.3023
2024-11-15,10:00:00,89195.99,89458.13,88943.53,89354.55,1429.92991
2024-11-15,11:00:00,89354.54,89771.99,89138.94,89741.25,1566.32537
2024-11-15,12:00:00,89741.24,90709.74,89591.55,89753.84,2627.03494
2024-11-15,13:00:00,89753.84,90482.3,89241.57,90148.0,1904.87357
2024-11-15,14:00:00,90148.0,90200.0,88585.33,89107.98,3372.88896
2024-11-15,15:00:00,89107.97,89134.74,87754.45,88445.41,3999.02812
2024-11-15,16:00:00,88445.4,89768.41,88386.99,89375.99,2745.84242
2024-11-15,17:00:00,89376.0,89944.0,89191.47,89484.85,1835.70209
2024-11-15,18:00:00,89484.84,89810.0,89214.55,89387.99,1353.64414
2024-11-15,19:00:00,89388.0,90844.9,89260.0,90377.89,2737.65262
2024-11-15,20:00:00,90377.89,91461.01,90324.85,91447.98,3159.42709
2024-11-15,21:00:00,91447.99,91830.35,91067.6,91678.78,2173.04829
2024-11-15,22:00:00,91678.78,91850.0,91033.66,91208.0,1278.88642
2024-11-15,23:00:00,91208.0,91450.0,90866.72,91032.07,1182.96557
2024-11-16,00:00:00,91032.08,91348.5,90850.0,91000.0,1330.88177
2024-11-16,01:00:00,91000.0,91442.11,90942.42,91249.29,919.75125
2024-11-16,02:00:00,91249.3,91709.06,91151.51,91405.54,1116.54026
2024-11-16,03:00:00,91405.54,91597.08,91053.48,91252.03,882.78064
2024-11-16,04:00:00,91252.04,91400.0,91064.24,91269.69,674.33101
2024-11-16,05:00:00,91269.7,91779.66,91144.74,91350.34,837.02267
2024-11-16,06:00:00,91350.34,91447.74,91149.76,91192.0,799.84039
2024-11-16,07:00:00,91192.0,91388.45,91068.19,91117.53,717.08105
2024-11-16,08:00:00,91117.52,91430.0,91025.11,91425.98,991.0455
2024-11-16,09:00:00,91425.98,91428.0,91199.18,91235.24,723.99711
2024-11-16,10:00:00,91235.23,91598.13,91220.15,91393.93,1068.90218
2024-11-16,11:00:00,91393.94,91423.33,90993.15,91169.69,1188.75818
2024-11-16,12:00:00,91169.69,91320.0,90500.0,90894.74,1543.84482
2024-11-16,13:00:00,90894.75,91190.0,90684.21,90755.99,838.5499
2024-11-16,14:00:00,90756.0,91074.22,90608.8,90968.0,856.47747
2024-11-16,15:00:00,90968.01,91016.93,90056.17,90521.2,2183.32434
2024-11-16,16:00:00,90521.2,90865.48,90186.64,90612.65,1292.44473
2024-11-16,17:00:00,90612.64,91000.0,90505.39,90904.03,693.43545
2024-11-16,18:00:00,90904.02,91396.03,90840.0,91303.04,840.12951
2024-11-16,19:00:00,91303.04,91332.0,90949.61,91100.24,640.3715
2024-11-16,20:00:00,91100.23,91181.82,90670.6,90752.01,672.80452
2024-11-16,21:00:00,90752.01,91067.67,90702.0,90993.5,519.9409
2024-11-16,22:00:00,90993.49,91000.0,90300.0,90328.39,697.50998
2024-11-16,23:00:00,90328.39,90651.98,90328.0,90586.92,688.11176
2024-11-17,00:00:00,90587.98,90888.0,90576.0,90808.0,501.8679
2024-11-17,01:00:00,90808.0,90876.81,90001.0,90272.74,1256.20862
2024-11-17,02:00:00,90272.73,90272.74,89364.0,90024.01,2502.31411
2024-11-17,03:00:00,90024.02,90247.86,89775.37,90247.86,690.33334
2024-11-17,04:00:00,90247.86,90681.37,90158.56,90576.0,1106.20149
2024-11-17,05:00:00,90576.01,90888.0,90374.45,90470.13,676.89936
2024-11-17,06:00:00,90470.13,90769.99,90369.72,90645.44,518.74589
2024-11-17,07:00:00,90645.44,90666.67,90368.0,90550.8,672.2689
2024-11-17,08:00:00,90550.8,91050.01,90478.99,90985.11,1120.60865
2024-11-17,09:00:00,90985.11,91449.99,90968.8,91295.24,1069.2219
2024-11-17,10:00:00,91295.24,91330.88,90882.74,91056.0,541.78681
2024-11-17,11:00:00,91055.99,91076.0,90508.0,90684.19,1197.47782
2024-11-17,12:00:00,90684.19,91189.88,90632.0,91080.68,972.81942
2024-11-17,13:00:00,91080.68,91112.0,90310.0,90504.01,1124.65301
2024-11-17,14:00:00,90504.02,90765.96,89925.91,90310.91,1342.19407
2024-11-17,15:00:00,90310.92,90587.99,90114.5,90260.01,727.14765
2024-11-17,16:00:00,90260.01,90523.45,90076.29,90446.92,733.62749
2024-11-17,17:00:00,90446.91,90640.18,90150.23,90578.66,731.60128
2024-11-17,18:00:00,90578.66,90616.78,89832.44,89936.0,852.41957
2024-11-17,19:00:00,89936.0,90140.0,89664.34,90044.0,794.74329
2024-11-17,20:00:00,90044.0,90212.13,89500.0,89636.0,984.0257
2024-11-17,21:00:00,89636.0,89748.02,89002.08,89137.98,1208.84489
2024-11-17,22:00:00,89137.97,89647.84,88722.0,89556.0,1526.58089
2024-11-17,23:00:00,89556.0,89863.99,89316.98,89855.99,1014.96404
2024-11-18,00:00:00,89855.98,90120.74,89617.96,89940.0,744.60437
2024-11-18,01:00:00,89940.0,90935.44,89894.38,90747.57,1089.21916
2024-11-18,02:00:00,90747.57,90847.61,90405.01,90493.89,733.42403
2024-11-18,03:00:00,90493.88,90676.92,90300.0,90668.58,684.98496
2024-11-18,04:00:00,90668.58,90700.0,90438.85,90441.3,440.84819
2024-11-18,05:00:00,90441.3,90809.36,90441.29,90615.71,706.34235
2024-11-18,06:00:00,90615.72,92079.3,90615.71,92061.84,2850.16791
2024-11-18,07:00:00,92061.84,92300.0,91415.79,91719.9,2381.3064
2024-11-18,08:00:00,91719.9,92141.13,91555.54,91810.61,1210.88132
2024-11-18,09:00:00,91810.6,92211.99,91640.0,91710.6,1098.76634
2024-11-18,10:00:00,91710.59,92016.0,91680.0,91769.42,1099.18688
2024-11-18,11:00:00,91769.43,91816.01,90051.1,90275.13,3079.76212
2024-11-18,12:00:00,90275.13,90757.58,90100.5,90517.13,1724.96027
2024-11-18,13:00:00,90517.14,90595.98,89376.9,89502.23,2600.74405
2024-11-18,14:00:00,89502.23,91053.58,89436.29,90308.01,3049.73206
2024-11-18,15:00:00,90308.0,92594.0,90242.61,92309.51,5498.53658
2024-11-18,16:00:00,92309.51,92584.95,91121.23,91403.12,3213.18996
2024-11-18,17:00:00,91403.12,92149.85,90904.25,91564.69,2525.68968
2024-11-18,18:00:00,91564.69,91660.9,90100.0,90356.8,2030.63341
2024-11-18,19:00:00,90356.8,90640.0,89667.66,90608.26,2185.28321
2024-11-18,20:00:00,90608.26,91924.04,90412.0,91473.42,3550.12502
2024-11-18,21:00:00,91473.43,91980.0,91144.08,91276.33,1649.50066
2024-11-18,22:00:00,91276.33,91461.01,91001.0,91148.02,848.76047
2024-11-18,23:00:00,91148.02,91220.0,90224.02,90464.08,1548.38508
2024-11-19,00:00:00,90464.07,91228.58,90357.0,91042.94,1152.06439
2024-11-19,01:00:00,91042.95,91241.46,90616.0,90714.26,692.68474
2024-11-19,02:00:00,90714.27,91271.65,90702.73,91236.0,895.46765
2024-11-19,03:00:00,91236.0,91529.0,91163.9,91428.0,835.04934
2024-11-19,04:00:00,91428.0,91816.28,91248.01,91528.0,1005.5469
2024-11-19,05:00:00,91528.0,91891.8,91238.09,91877.0,968.00577
2024-11-19,06:00:00,91877.0,91980.0,91598.5,91959.11,951.70937
2024-11-19,07:00:00,91959.11,92000.0,91600.0,91620.01,968.54265
2024-11-19,08:00:00,91620.0,91781.0,91400.03,91780.99,766.0414
2024-11-19,09:00:00,91780.99,91950.0,91200.0,91694.38,1510.11782
2024-11-19,10:00:00,91694.37,91916.24,91485.04,91750.77,780.59382
2024-11-19,11:00:00,91750.78,91842.89,91524.0,91652.02,674.19361
2024-11-19,12:00:00,91652.01,92500.0,91652.01,92467.99,3004.42435
2024-11-19,13:00:00,92467.99,92788.0,91044.15,91142.28,4201.52317
2024-11-19,14:00:00,91142.27,92381.0,90975.8,91824.0,3721.67107
2024-11-19,15:00:00,91824.0,92446.0,91500.0,92391.99,2896.00963
2024-11-19,16:00:00,92391.99,92628.9,92147.12,92553.79,1569.18552
2024-11-19,17:00:00,92553.78,93265.8,92339.26,92853.76,3497.84889
2024-11-19,18:00:00,92853.75,93856.0,92711.5,93646.15,4048.37561
2024-11-19,19:00:00,93646.16,93905.51,93060.0,93227.87,2335.36728
2024-11-19,20:00:00,93227.87,93571.08,92165.05,92458.0,2443.65539
2024-11-19,21:00:00,92457.99,92748.0,91800.0,92196.82,2004.44288
2024-11-19,22:00:00,92196.82,92424.25,91320.0,91826.19,1602.60407
2024-11-19,23:00:00,91826.19,92333.77,91585.3,92310.79,1134.9215
2024-11-20,00:00:00,92310.8,92418.68,92000.0,92044.19,764.92352
2024-11-20,01:00:00,92044.18,92284.53,91720.0,91976.79,1087.89177
2024-11-20,02:00:00,91976.79,92028.74,91580.0,91748.0,902.70195
2024-11-20,03:00:00,91748.0,92066.66,91500.0,92039.99,1340.70675
2024-11-20,04:00:00,92039.99,92271.71,91850.0,92121.21,761.92254
2024-11-20,05:00:00,92121.21,92516.0,91958.56,92505.47,752.93639
2024-11-20,06:00:00,92505.47,92654.93,92352.59,92372.95,756.29573
2024-11-20,07:00:00,92372.95,92851.09,92300.0,92850.38,1206.02389
2024-11-20,08:00:00,92850.38,93333.33,92720.0,93200.0,1862.07171
2024-11-20,09:00:00,93200.0,93669.98,92970.0,93100.01,2098.04798
2024-11-20,10:00:00,93100.01,93520.0,93009.98,93278.5,1040.10863
2024-11-20,11:00:00,93278.5,93614.98,92808.0,93454.65,1216.52056
2024-11-20,12:00:00,93454.65,93750.0,93314.49,93531.95,1707.24079
2024-11-20,13:00:00,93531.95,94585.23,93531.94,94382.88,3912.450982
2024-11-20,14:00:00,94382.87,94750.0,93828.0,94627.41,3797.49185
2024-11-20,15:00:00,94627.41,94807.62,94050.0,94739.97,3285.36081
2024-11-20,16:00:00,94739.98,94831.97,93316.0,94048.0,4089.13579
2024-11-20,17:00:00,94048.0,94338.99,93594.31,93916.34,2014.91043
2024-11-20,18:00:00,93916.34,94272.35,93138.0,93684.0,3071.47167
2024-11-20,19:00:00,93684.0,94000.0,93240.12,94000.0,1585.58901
2024-11-20,20:00:00,94000.0,94599.98,93801.45,94271.99,2158.5685
2024-11-20,21:00:00,94271.99,94500.0,93900.01,94365.92,1238.86975
2024-11-20,22:00:00,94365.92,94490.0,93933.62,94160.55,783.67613
2024-11-20,23:00:00,94160.56,94286.56,93770.07,94286.56,768.28158
2024-11-21,00:00:00,94286.56,94925.66,94194.62,94709.61,1763.85139
2024-11-21,01:00:00,94709.62,94977.0,94596.0,94702.49,1081.29502
2024-11-21,02:00:00,94702.48,94757.57,94040.0,94404.13,1830.66755
2024-11-21,03:00:00,94404.14,95904.0,94400.0,95798.12,4663.243545
2024-11-21,04:00:00,95798.12,97662.36,95798.11,97554.22,6002.610885
2024-11-21,05:00:00,97554.22,97852.0,96692.0,97328.0,3455.114864
2024-11-21,06:00:00,97328.01,97400.0,96800.01,97004.02,2285.57976
2024-11-21,07:00:00,97004.03,97384.62,96912.0,96912.01,1476.87831
2024-11-21,08:00:00,96912.01,97155.01,96723.96,97107.99,1545.04117
2024-11-21,09:00:00,97107.99,97699.76,97024.0,97613.24,2081.15425
2024-11-21,10:00:00,97613.24,97787.49,97272.18,97756.0,2493.73347
2024-11-21,11:00:00,97756.0,98384.86,97729.77,97974.99,3928.97214
2024-11-21,12:00:00,97975.0,98250.0,97300.0,97317.93,3107.00439
2024-11-21,13:00:00,97317.93,97743.85,97019.94,97512.01,3423.76352
2024-11-21,14:00:00,97512.01,97681.43,96521.73,97042.86,4537.05169
2024-11-21,15:00:00,97042.85,97124.29,95600.0,96672.0,5782.29938
2024-11-21,16:00:00,96672.0,97400.0,96276.69,97147.99,3483.6233
2024-11-21,17:00:00,97147.99,98055.99,96927.42,98048.65,2134.39526
2024-11-21,18:00:00,98048.65,98437.5,97668.0,98280.01,3337.47257
2024-11-21,19:00:00,98280.02,98988.0,97721.96,97829.83,4054.290003
2024-11-21,20:00:00,97829.84,98686.86,97608.18,98118.16,2217.62903
2024-11-21,21:00:00,98118.16,98200.0,97533.18,97973.8,2003.47663
2024-11-21,22:00:00,97973.81,98430.23,97850.0,98356.0,1163.29668
2024-11-21,23:00:00,98355.99,98723.65,98305.34,98317.12,1375.91567
2024-11-22,00:00:00,98317.12,98516.0,97841.57,97987.57,1445.05716
2024-11-22,01:00:00,97987.56,98377.26,97840.0,98081.6,1287.82116
2024-11-22,02:00:00,98081.61,98779.62,98039.55,98617.46,1767.59711
2024-11-22,03:00:00,98617.46,99299.99,98422.33,98836.5,3031.999473
2024-11-22,04:00:00,98836.49,99100.0,98666.67,98797.21,1252.78507
2024-11-22,05:00:00,98797.21,98988.0,98517.21,98790.97,1249.93318
2024-11-22,06:00:00,98790.97,99030.31,98624.41,98999.99,1140.73557
2024-11-22,07:00:00,99000.0,99419.99,98875.82,99173.7,2989.41178
2024-11-22,08:00:00,99173.7,99267.19,98750.0,98815.79,1967.24513
2024-11-22,09:00:00,98815.79,98847.79,98358.0,98702.0,1915.68673
2024-11-22,10:00:00,98702.01,98768.0,98256.41,98400.0,1328.09623
2024-11-22,11:00:00,98400.0,98937.0,98219.84,98870.38,1079.71994
2024-11-22,12:00:00,98870.39,98949.0,98492.0,98621.04,999.27938
2024-11-22,13:00:00,98621.05,98628.87,97344.9,97763.54,3839.86087
2024-11-22,14:00:00,97763.54,98147.41,97122.11,97296.0,3335.17223
2024-11-22,15:00:00,97296.0,98770.0,97155.68,98664.0,3089.62303
2024-11-22,16:00:00,98663.99,99010.0,98220.0,98865.3,2350.90254
2024-11-22,17:00:00,98865.3,99275.0,98753.66,98801.87,1981.76744
2024-11-22,18:00:00,98801.87,99174.0,98677.37,99108.87,1760.48396
2024-11-22,19:00:00,99108.87,99588.01,98838.01,99079.74,3447.90227
2024-11-22,20:00:00,99079.74,99449.0,98924.01,99163.99,1805.05499
2024-11-22,21:00:00,99164.0,99307.27,98711.37,99272.72,1123.81247
2024-11-22,22:00:00,99272.72,99369.99,98535.0,98627.35,1189.07747
2024-11-22,23:00:00,98627.36,98904.0,98576.85,98892.0,810.28406
2024-11-23,00:00:00,98892.0,98908.85,98550.02,98634.89,1023.70905
2024-11-23,01:00:00,98634.88,98655.72,98313.48,98590.0,1346.17227
2024-11-23,02:00:00,98590.0,98604.01,98300.0,98483.54,966.83006
2024-11-23,03:00:00,98483.53,98800.0,98404.02,98666.67,581.60262
2024-11-23,04:00:00,98666.66,98695.95,98284.61,98576.14,1249.36095
2024-11-23,05:00:00,98576.14,98769.24,98399.83,98755.15,603.03176
2024-11-23,06:00:00,98755.15,98800.0,98583.72,98709.9,567.51996
2024-11-23,07:00:00,98709.9,98720.0,98408.57,98560.85,940.46801
2024-11-23,08:00:00,98560.84,98623.76,98369.0,98451.98,1196.12543
2024-11-23,09:00:00,98451.98,98539.69,98359.17,98449.07,740.0143
2024-11-23,10:00:00,98449.06,98564.11,98300.0,98408.55,751.11494
2024-11-23,11:00:00,98408.55,98523.1,98374.25,98429.99,489.49638
2024-11-23,12:00:00,98430.0,98619.99,98415.0,98598.75,798.2363
2024-11-23,13:00:00,98598.74,98847.68,98532.08,98532.08,837.41697
2024-11-23,14:00:00,98532.09,98783.85,98465.04,98744.37,1154.22024
2024-11-23,15:00:00,98744.37,98779.7,98400.0,98400.0,1348.81631
2024-11-23,16:00:00,98400.01,98459.56,97533.0,97708.85,4007.9947
2024-11-23,17:00:00,97708.85,98051.29,97336.06,97900.79,2022.77114
2024-11-23,18:00:00,97900.79,98067.66,97636.36,97839.99,834.76174
2024-11-23,19:00:00,97839.99,97840.0,97362.0,97504.0,621.25669
2024-11-23,20:00:00,97504.0,97712.63,97136.0,97703.52,1046.09877
2024-11-23,21:00:00,97703.53,98015.82,97544.06,97962.8,649.84625
2024-11-23,22:00:00,97962.81,98015.82,97508.83,97631.99,497.13727
2024-11-23,23:00:00,97632.0,97727.28,97402.87,97672.4,483.84156
2024-11-24,00:00:00,97672.4,97998.95,97620.74,97919.5,960.14844
2024-11-24,01:00:00,97919.51,98400.0,97919.5,98182.4,1230.90504
2024-11-24,02:00:00,98182.4,98564.0,98182.4,98390.66,1140.53119
2024-11-24,03:00:00,98390.66,98428.0,98105.01,98200.1,657.99671
2024-11-24,04:00:00,98200.1,98260.0,97872.2,98169.21,585.35013
2024-11-24,05:00:00,98169.22,98269.99,97915.0,98264.44,737.36062
2024-11-24,06:00:00,98264.44,98412.14,98028.17,98360.02,1129.96793
2024-11-24,07:00:00,98360.03,98431.06,98168.62,98431.05,1130.67147
2024-11-24,08:00:00,98431.05,98472.98,97945.0,98067.75,923.59984
2024-11-24,09:00:00,98067.75,98195.75,97816.23,97936.47,700.5016
2024-11-24,10:00:00,97936.47,97974.12,97435.89,97668.85,709.65699
2024-11-24,11:00:00,97668.85,97732.01,97239.29,97280.03,1273.16329
2024-11-24,12:00:00,97280.04,97430.02,96403.78,96899.99,3199.08852
2024-11-24,13:00:00,96899.99,97606.52,96726.0,97214.93,1641.95321
2024-11-24,14:00:00,97214.93,97214.94,96577.52,97029.95,1898.27855
2024-11-24,15:00:00,97029.96,97091.31,95900.01,95901.51,2642.99893
2024-11-24,16:00:00,95901.52,96747.98,95734.77,96404.0,2310.89572
2024-11-24,17:00:00,96403.99,96414.64,95747.57,95902.83,1649.22729
2024-11-24,18:00:00,95902.83,96563.87,95832.36,96537.56,866.98322
2024-11-24,19:00:00,96537.56,96537.57,96120.92,96320.02,835.76337
2024-11-24,20:00:00,96320.01,96844.46,96195.47,96826.49,717.921
2024-11-24,21:00:00,96826.48,96997.32,96591.17,96974.89,785.67851
2024-11-24,22:00:00,96974.89,98000.0,96974.89,97999.99,1499.70626
2024-11-24,23:00:00,97999.99,98369.46,97531.0,97900.04,1972.63055
2024-11-25,00:00:00,97900.05,98050.0,97518.28,97714.28,1038.8986
2024-11-25,01:00:00,97714.28,97840.0,96888.0,97205.23,1363.33777
2024-11-25,02:00:00,97205.22,97714.28,97202.53,97368.63,772.57817
2024-11-25,03:00:00,97368.62,97898.81,97339.16,97898.8,663.44882
2024-11-25,04:00:00,97898.81,98050.0,97491.66,97800.0,1108.54922
2024-11-25,05:00:00,97799.99,98239.43,97776.39,98082.69,1422.10023
2024-11-25,06:00:00,98082.69,98376.99,98037.0,98082.86,1317.07606
2024-11-25,07:00:00,98082.87,98271.63,97735.29,98047.34,1382.99014
2024-11-25,08:00:00,98047.34,98292.0,97850.0,98217.77,1115.52291
2024-11-25,09:00:00,98217.77,98871.8,98205.0,98492.96,2043.34112
2024-11-25,10:00:00,98492.95,98680.94,98203.41,98319.34,1139.98678
2024-11-25,11:00:00,98319.35,98553.9,98031.11,98188.09,896.88048
2024-11-25,12:00:00,98188.09,98313.08,97850.0,97900.0,942.82165
2024-11-25,13:00:00,97900.01,97929.7,97222.22,97468.3,2003.87762
2024-11-25,14:00:00,97468.29,97640.0,95340.0,95385.49,4321.63813
2024-11-25,15:00:00,95385.5,96488.95,94525.0,96000.56,7077.15091
2024-11-25,16:00:00,96000.57,96500.0,95686.43,95912.0,2500.76428
2024-11-25,17:00:00,95912.0,95912.0,94850.0,95238.09,3012.8303
2024-11-25,18:00:00,95238.1,95908.59,94856.67,95139.99,1976.549
2024-11-25,19:00:00,95140.0,95288.0,94400.0,94669.48,2792.9965
2024-11-25,20:00:00,94669.49,95300.0,94498.35,94955.89,1921.88304
2024-11-25,21:00:00,94955.89,95166.65,93564.0,93747.8,2977.66837
2024-11-25,22:00:00,93747.81,94414.17,92600.19,94404.49,4141.71114
2024-11-25,23:00:00,94404.49,94405.93,92820.0,93010.01,2912.84972
2024-11-26,00:00:00,93010.01,94356.0,92727.9,93836.5,2627.24565
2024-11-26,01:00:00,93836.58,94857.15,93819.87,94857.15,1464.80746
2024-11-26,02:00:00,94857.15,94923.69,94408.76,94587.98,1117.26552
2024-11-26,03:00:00,94587.99,94700.12,94234.59,94464.0,1036.34148
2024-11-26,04:00:00,94464.0,94536.79,94048.49,94309.52,1033.57893
2024-11-26,05:00:00,94309.52,94676.0,94188.23,94647.96,938.12181
2024-11-26,06:00:00,94647.96,94973.37,94450.0,94495.96,864.96111
2024-11-26,07:00:00,94495.96,94510.48,93500.08,93785.71,1885.36431
2024-11-26,08:00:00,93785.72,93785.72,92326.31,93142.85,4451.53471
2024-11-26,09:00:00,93142.85,93732.0,93064.0,93519.62,2198.13475
2024-11-26,10:00:00,93519.61,93750.0,92272.72,92327.99,2566.71282
2024-11-26,11:00:00,92327.99,92686.44,91466.52,92356.85,4376.5536
2024-11-26,12:00:00,92356.84,92670.0,91784.86,92164.21,3215.96285
2024-11-26,13:00:00,92164.21,92920.0,91914.61,92168.84,2731.84235
2024-11-26,14:00:00,92168.84,93546.2,91739.7,93274.15,4131.32937
2024-11-26,15:00:00,93274.14,93559.0,92316.71,92813.0,3099.99558
2024-11-26,16:00:00,92812.99,94685.6,92692.0,94029.43,3367.10928
2024-11-26,17:00:00,94029.42,94044.0,93425.16,93547.99,1825.51046
2024-11-26,18:00:00,93547.99,93632.0,92000.0,92119.99,2396.58272
2024-11-26,19:00:00,92120.0,92670.28,91554.11,91683.89,3039.3668
2024-11-26,20:00:00,91683.9,92040.0,90791.1,91036.01,4496.09161
2024-11-26,21:00:00,91036.0,91919.83,90850.45,91700.08,1927.03485
2024-11-26,22:00:00,91700.09,92364.0,91543.86,91811.14,1753.92386
2024-11-26,23:00:00,91811.14,92068.0,91588.0,91965.16,1313.3595
2024-11-27,00:00:00,91965.16,92428.58,91792.14,91939.33,1258.85709
2024-11-27,01:00:00,91939.33,92813.92,91824.34,92753.86,1552.30509
2024-11-27,02:00:00,92753.86,93037.38,92304.8,92943.34,1337.36368
2024-11-27,03:00:00,92943.34,92946.1,92521.73,92588.0,1407.05432
2024-11-27,04:00:00,92588.0,93211.2,92500.0,92568.0,1553.5552
2024-11-27,05:00:00,92568.0,92815.23,92361.66,92768.01,886.15723
2024-11-27,06:00:00,92768.01,93393.19,92768.01,93068.16,1418.27916
2024-11-27,07:00:00,93068.15,93648.0,93024.0,93597.16,982.28053
2024-11-27,08:00:00,93597.16,93609.93,93236.01,93433.21,1196.09475
2024-11-27,09:00:00,93433.2,93492.98,93109.12,93403.5,849.82941
2024-11-27,10:00:00,93403.49,93885.6,93353.82,93821.35,1020.37533
2024-11-27,11:00:00,93821.35,93823.34,93316.87,93367.99,927.7124
2024-11-27,12:00:00,93367.99,93500.0,92847.84,93499.99,1362.34844
2024-11-27,13:00:00,93499.99,94264.0,93416.0,94264.0,1732.88941
2024-11-27,14:00:00,94264.0,94885.0,94106.74,94833.41,2687.6878
2024-11-27,15:00:00,94833.42,95850.0,94316.0,95556.01,4085.67328
2024-11-27,16:00:00,95556.0,96333.1,95184.79,95689.19,3735.98049
2024-11-27,17:00:00,95689.18,96300.0,95300.9,96247.24,2172.15499
2024-11-27,18:00:00,96247.24,96539.33,96004.0,96119.51,2183.10482
2024-11-27,19:00:00,96119.51,96631.68,95893.13,96627.99,1434.64526
2024-11-27,20:00:00,96627.99,97208.21,96312.01,96482.75,2769.17906
2024-11-27,21:00:00,96482.96,96595.0,96052.39,96267.86,1587.26456
2024-11-27,22:00:00,96267.87,96520.0,96035.0,96047.47,1228.85624
2024-11-27,23:00:00,96047.47,96183.01,95731.72,95863.11,1783.7788
2024-11-28,00:00:00,95863.11,96564.0,95722.22,96552.01,1430.3734
2024-11-28,01:00:00,96552.0,96552.52,96084.0,96273.95,1230.16331
2024-11-28,02:00:00,96273.94,96439.69,95624.01,95699.79,1574.70118
2024-11-28,03:00:00,95699.79,95789.33,94822.54,95471.43,2040.46488
2024-11-28,04:00:00,95471.44,95840.65,95338.08,95742.72,1348.18004
2024-11-28,05:00:00,95742.73,95922.39,95350.22,95443.43,1214.96792
2024-11-28,06:00:00,95443.44,95692.0,95063.15,95479.07,1427.2001
2024-11-28,07:00:00,95479.07,95757.08,95218.01,95299.66,1024.65086
2024-11-28,08:00:00,95299.66,95615.45,95090.0,95456.01,929.59955
2024-11-28,09:00:00,95456.02,95507.62,94940.1,94976.0,872.54696
2024-11-28,10:00:00,94976.0,95149.61,94640.0,94958.74,1675.94679
2024-11-28,11:00:00,94958.74,95780.0,94760.84,95452.01,1273.9326
2024-11-28,12:00:00,95452.0,95688.68,95204.0,95484.01,928.57105
2024-11-28,13:00:00,95484.01,95777.76,95025.13,95711.25,1160.45403
2024-11-28,14:00:00,95711.24,96221.8,95359.18,95376.04,1807.71904
2024-11-28,15:00:00,95376.03,95508.94,94900.0,95007.14,1651.5439
2024-11-28,16:00:00,95007.15,95308.0,94817.0,94972.0,1029.9759
2024-11-28,17:00:00,94972.0,95240.0,94821.77,94864.31,1122.5994
2024-11-28,18:00:00,94864.32,95329.58,94854.16,95290.21,811.99521
2024-11-28,19:00:00,95290.21,95435.68,95024.0,95119.48,714.2557
2024-11-28,20:00:00,95119.48,95131.53,94698.0,94820.01,810.83116
2024-11-28,21:00:00,94820.0,95164.0,94809.52,95099.99,1023.53283
2024-11-28,22:00:00,95100.0,95651.82,95008.22,95651.79,907.44782
2024-11-28,23:00:00,95651.78,96023.48,95530.24,95643.98,802.88994
2024-11-29,00:00:00,95643.99,95825.4,95364.99,95476.01,643.65307
2024-11-29,01:00:00,95476.0,95970.56,95407.2,95920.0,542.26396
2024-11-29,02:00:00,95920.01,96859.0,95903.93,96739.98,1265.34857
2024-11-29,03:00:00,96739.99,96812.24,96436.51,96590.36,757.51091
2024-11-29,04:00:00,96590.35,96630.09,96236.99,96263.83,589.10252
2024-11-29,05:00:00,96263.84,96540.71,96153.85,96153.86,515.37368
2024-11-29,06:00:00,96153.86,96358.0,95997.85,96266.19,626.0859
2024-11-29,07:00:00,96266.18,96416.34,95600.03,95625.05,1186.42089
2024-11-29,08:00:00,95625.05,95998.76,95616.0,95979.99,751.73481
2024-11-29,09:00:00,95980.0,96482.61,95870.71,96355.39,851.51172
2024-11-29,10:00:00,96355.39,96849.0,96293.61,96844.01,1116.53171
2024-11-29,11:00:00,96844.0,97358.21,96548.0,97237.91,1444.65653
2024-11-29,12:00:00,97237.91,97500.0,96876.82,96929.07,1711.23986
2024-11-29,13:00:00,96929.07,97259.27,96768.0,97223.36,733.98329
2024-11-29,14:00:00,97223.35,98052.0,96916.66,98002.01,2591.48375
2024-11-29,15:00:00,98002.01,98619.99,97685.46,98019.47,3820.86943
2024-11-29,16:00:00,98019.46,98440.0,97700.0,97779.99,1997.13465
2024-11-29,17:00:00,97779.99,97810.0,96952.0,96968.29,2113.02564
2024-11-29,18:00:00,96968.28,97359.36,96853.82,97175.99,998.21089
2024-11-29,19:00:00,97175.99,97481.77,96879.53,97329.73,884.98604
2024-11-29,20:00:00,97329.73,97624.62,97200.0,97307.98,724.47274
2024-11-29,21:00:00,97307.98,97428.0,96981.01,97386.07,502.29134
2024-11-29,22:00:00,97386.07,97477.01,97232.0,97292.69,438.30227
2024-11-29,23:00:00,97292.69,97486.27,97111.47,97460.0,895.58814
2024-11-30,00:00:00,97460.0,97463.95,96946.06,96968.06,713.9522
2024-11-30,01:00:00,96968.06,96968.07,96425.21,96425.22,972.92368
2024-11-30,02:00:00,96425.22,96703.68,96309.85,96609.21,724.10767
2024-11-30,03:00:00,96609.2,96708.44,96394.56,96640.02,641.59085
2024-11-30,04:00:00,96640.02,96730.66,96532.7,96680.18,376.4036
2024-11-30,05:00:00,96680.18,97183.51,96680.17,97102.32,636.4923
2024-11-30,06:00:00,97102.33,97234.02,96602.0,96639.66,1571.94959
2024-11-30,07:00:00,96639.67,96920.0,96550.25,96783.38,812.54565
2024-11-30,08:00:00,96783.38,96968.78,96699.97,96953.49,571.60043
2024-11-30,09:00:00,96953.48,96953.49,96617.05,96779.98,509.04419
2024-11-30,10:00:00,96779.98,96802.79,96121.0,96137.48,837.68484
2024-11-30,11:00:00,96137.48,96444.0,96092.01,96267.99,527.28592
2024-11-30,12:00:00,96267.99,96563.98,96242.14,96553.23,419.01373
2024-11-30,13:00:00,96553.23,96682.54,96404.0,96405.34,617.9687
2024-11-30,14:00:00,96405.34,96720.0,96308.0,96462.64,561.32076
2024-11-30,15:00:00,96462.65,96732.15,96403.2,96645.41,462.12069
2024-11-30,16:00:00,96645.42,96960.0,96531.35,96871.31,724.01283
2024-11-30,17:00:00,96871.31,96964.0,96777.77,96780.38,414.54363
2024-11-30,18:00:00,96780.38,97010.0,96764.5,96966.37,364.99285
2024-11-30,19:00:00,96966.37,97062.5,96876.51,97019.68,319.04171
2024-11-30,20:00:00,97019.69,97040.0,96824.78,96967.99,363.64404
2024-11-30,21:00:00,96967.99,96977.69,96772.35,96792.02,307.83913
2024-11-30,22:00:00,96792.03,96831.84,96344.0,96466.11,643.55467
2024-11-30,23:00:00,96466.11,96592.0,96320.99,96407.99,410.1994
2024-12-01,00:00:00,96407.99,96672.49,96260.0,96340.6,532.95388
2024-12-01,01:00:00,96340.61,96516.0,96044.21,96106.62,756.83521
2024-12-01,02:00:00,96106.62,96518.88,95693.88,95776.22,1892.57481
2024-12-01,03:00:00,95776.22,96441.72,95770.03,96336.75,439.67101
2024-12-01,04:00:00,96336.76,96515.52,96195.99,96515.52,425.10396
2024-12-01,05:00:00,96515.51,96515.51,96284.51,96308.83,342.77205
2024-12-01,06:00:00,96308.82,96483.98,96284.52,96327.66,284.94834
2024-12-01,07:00:00,96327.65,96490.62,96299.1,96472.97,232.07707
2024-12-01,08:00:00,96472.97,97179.04,96424.99,97048.01,1566.85489
2024-12-01,09:00:00,97048.0,97098.53,96853.82,97030.15,447.52809
2024-12-01,10:00:00,97030.15,97036.0,96535.87,96811.99,372.85396
2024-12-01,11:00:00,96811.99,97140.0,96811.99,97108.89,416.13015
2024-12-01,12:00:00,97108.89,97130.56,96774.48,96774.49,619.3967
2024-12-01,13:00:00,96774.48,97388.78,96660.88,97071.93,1269.18144
2024-12-01,14:00:00,97071.93,97332.88,96968.25,97289.78,723.39318
2024-12-01,15:00:00,97289.77,97311.95,96960.51,97028.02,648.10982
2024-12-01,16:00:00,97028.02,97333.0,97000.0,97187.98,1175.84041
2024-12-01,17:00:00,97187.98,97299.98,97035.02,97299.97,499.07351
2024-12-01,18:00:00,97299.97,97523.41,97095.23,97118.69,690.43406
2024-12-01,19:00:00,97118.69,97306.59,96958.48,97178.73,602.77541
2024-12-01,20:00:00,97178.73,97200.0,96800.01,97099.99,608.28813
2024-12-01,21:00:00,97099.99,97780.0,97052.16,97767.62,672.45318
2024-12-01,22:00:00,97767.61,97836.0,97384.0,97562.56,769.6421
2024-12-01,23:00:00,97562.56,97771.04,97170.5,97185.18,949.71316
2024-12-02,00:00:00,97185.17,97613.08,97068.84,97436.75,1101.06797
2024-12-02,01:00:00,97436.75,98130.0,97405.26,97964.93,1944.92206
2024-12-02,02:00:00,97964.93,98050.0,97445.87,97644.76,911.50431
2024-12-02,03:00:00,97644.75,97662.6,96350.0,96483.75,1435.45466
2024-12-02,04:00:00,96483.75,96841.27,96077.0,96708.0,2113.72725
2024-12-02,05:00:00,96708.0,96924.0,96349.01,96359.99,704.32952
2024-12-02,06:00:00,96359.99,96434.02,96141.43,96279.99,774.11264
2024-12-02,07:00:00,96279.99,96465.38,95749.97,95999.99,1786.28249
2024-12-02,08:00:00,95999.99,96112.0,94872.0,95053.66,2561.69785
2024-12-02,09:00:00,95053.66,95546.21,94967.32,95493.18,1323.54796
2024-12-02,10:00:00,95492.81,95496.75,94820.41,94972.01,1297.52641
2024-12-02,11:00:00,94972.01,95332.8,94868.33,95128.68,1117.08285
2024-12-02,12:00:00,95128.67,95407.64,94766.0,94972.02,1125.17789
2024-12-02,13:00:00,94972.03,95822.61,94837.77,95679.99,1636.29258
2024-12-02,14:00:00,95679.99,96814.73,95501.0,96321.27,2094.23553
2024-12-02,15:00:00,96321.27,97214.77,95701.53,97048.0,3441.97446
2024-12-02,16:00:00,97048.01,97356.69,96000.0,96167.46,2585.99366
2024-12-02,17:00:00,96167.45,96573.0,94395.0,94604.03,3311.66979
2024-12-02,18:00:00,94604.03,95839.44,94488.0,95646.14,1728.47693
2024-12-02,19:00:00,95646.13,95856.4,95157.12,95816.0,1170.85264
2024-12-02,20:00:00,95816.01,96327.87,95451.33,95666.66,1146.95152
2024-12-02,21:00:00,95666.66,95754.64,95345.05,95406.88,775.05733
2024-12-02,22:00:00,95406.88,95529.34,95112.01,95372.0,824.11254
2024-12-02,23:00:00,95372.0,95869.28,95328.0,95840.62,1046.61897
2024-12-03,00:00:00,95840.61,96105.26,95680.0,95804.03,1319.66771
2024-12-03,01:00:00,95804.04,95920.64,95454.54,95524.08,758.47935
2024-12-03,02:00:00,95524.08,96305.52,95400.0,96035.49,1027.42213
2024-12-03,03:00:00,96035.48,96210.42,95916.02,96079.36,565.82005
2024-12-03,04:00:00,96079.36,96220.0,95900.0,95920.64,580.79822
2024-12-03,05:00:00,95920.64,96168.0,95848.36,96155.18,572.94235
2024-12-03,06:00:00,96155.17,96238.1,95522.44,95632.22,1057.77004
2024-12-03,07:00:00,95632.22,95721.95,95277.35,95550.0,1298.94713
2024-12-03,08:00:00,95550.0,95662.94,95305.95,95528.0,816.04704
2024-12-03,09:00:00,95528.0,95539.69,95158.0,95256.01,767.73327
2024-12-03,10:00:00,95256.0,95482.63,94641.93,94697.9,1328.4358
2024-12-03,11:00:00,94697.9,95033.99,94595.38,94988.01,1144.2728
2024-12-03,12:00:00,94988.0,95005.67,94679.51,94813.58,959.39741
2024-12-03,13:00:00,94813.59,94871.23,93670.0,93715.98,3416.9354
2024-12-03,14:00:00,93715.98,95448.97,93578.17,95235.25,5054.59198
2024-12-03,15:00:00,95235.25,96250.0,95100.36,95682.54,4112.1537
2024-12-03,16:00:00,95682.54,96169.99,94860.0,95112.0,2102.60918
2024-12-03,17:00:00,95112.0,95900.0,94882.83,95828.0,1569.70182
2024-12-03,18:00:00,95828.01,95828.01,95270.2,95481.15,1039.5062
2024-12-03,19:00:00,95481.15,95500.0,94939.77,95428.6,1225.15604
2024-12-03,20:00:00,95428.61,95680.0,95272.5,95615.06,1517.38179
2024-12-03,21:00:00,95615.06,96100.0,95545.82,96000.0,1544.87685
2024-12-03,22:00:00,96000.01,96140.01,95644.44,96117.76,1005.4043
2024-12-03,23:00:00,96117.76,96124.28,95811.31,95849.69,1041.27227
2024-12-04,00:00:00,95849.69,96027.35,95572.18,95746.42,1163.38095
2024-12-04,01:00:00,95746.41,96614.16,95449.98,96216.0,1710.49995
2024-12-04,02:00:00,96216.0,96223.34,95224.17,95788.0,1285.027
2024-12-04,03:00:00,95788.01,95896.0,95548.75,95770.32,629.40058
2024-12-04,04:00:00,95770.32,96050.1,95717.54,96024.8,676.25556
2024-12-04,05:00:00,96024.8,96480.23,96016.68,96480.22,743.85498
2024-12-04,06:00:00,96480.22,96714.41,96279.8,96539.68,1201.55961
2024-12-04,07:00:00,96539.69,96702.79,96404.54,96588.81,985.76728
2024-12-04,08:00:00,96588.81,96810.12,96524.4,96687.53,965.59916
2024-12-04,09:00:00,96687.53,96950.0,96661.53,96815.78,1046.92043
2024-12-04,10:00:00,96815.78,96836.1,96430.0,96512.0,875.0514
2024-12-04,11:00:00,96511.99,96512.0,96172.0,96190.41,892.53931
2024-12-04,12:00:00,96190.41,96277.71,95684.67,95967.98,1153.84025
2024-12-04,13:00:00,95967.98,96011.61,95352.41,95665.51,1444.6641
2024-12-04,14:00:00,95665.51,96560.0,95456.37,95822.99,2471.04588
2024-12-04,15:00:00,95822.99,96386.2,95411.47,95742.81,2889.64076
2024-12-04,16:00:00,95742.8,95820.0,94587.83,94847.81,3483.10085
2024-12-04,17:00:00,94847.81,95571.63,94685.51,95546.62,1754.08338
2024-12-04,18:00:00,95546.63,96225.48,95451.0,96111.01,1649.7421
2024-12-04,19:00:00,96111.01,97232.01,96043.65,97209.64,2580.08489
2024-12-04,20:00:00,97209.64,99000.0,97128.52,98747.97,7370.81853
2024-12-04,21:00:00,98747.96,98900.0,97416.59,97691.11,3022.15927
2024-12-04,22:00:00,97691.11,98598.0,97544.0,98174.61,1637.42365
2024-12-04,23:00:00,98174.6,99000.0,98164.01,98587.32,2218.07741
2024-12-05,00:00:00,98587.32,98799.0,98212.53,98296.01,1885.73231
2024-12-05,01:00:00,98296.01,98648.47,97888.89,98179.14,2159.70606
2024-12-05,02:00:00,98179.14,101616.22,98138.23,101248.19,13614.299579
2024-12-05,03:00:00,101248.19,104088.0,101248.19,102964.0,12251.751483
2024-12-05,04:00:00,102964.0,103544.71,102484.0,103339.96,4204.10271
2024-12-05,05:00:00,103339.96,103455.13,101706.35,102450.01,3818.61708
2024-12-05,06:00:00,102450.01,102662.46,101421.59,101904.02,3820.02291
2024-12-05,07:00:00,101904.02,102560.76,101324.16,102236.1,3087.83057
2024-12-05,08:00:00,102236.1,102899.99,102236.1,102764.0,3813.37873
2024-12-05,09:00:00,102764.01,103159.76,102565.63,102698.24,2204.40307
2024-12-05,10:00:00,102698.25,102920.0,102260.0,102280.62,1591.37326
2024-12-05,11:00:00,102280.62,102672.84,102237.79,102566.91,1395.71099
2024-12-05,12:00:00,102566.91,103295.99,102452.95,102846.15,2215.64476
2024-12-05,13:00:00,102846.16,103250.0,102684.73,102753.9,1851.85906
2024-12-05,14:00:00,102753.91,103550.0,102280.0,103507.99,3124.41507
2024-12-05,15:00:00,103508.0,103540.0,100925.97,101292.01,8058.89896
2024-12-05,16:00:00,101292.0,101999.0,100568.02,101037.51,4508.84935
2024-12-05,17:00:00,101037.5,101356.0,100533.41,101282.36,2414.13279
2024-12-05,18:00:00,101282.37,101521.14,100172.67,100179.24,3771.1155
2024-12-05,19:00:00,100179.24,100932.0,98599.36,99028.0,4094.54231
2024-12-05,20:00:00,99028.01,99424.0,97888.0,99072.84,5619.97633
2024-12-05,21:00:00,99072.84,99479.72,98801.93,98908.02,1883.42416
2024-12-05,22:00:00,98908.01,99040.0,90500.0,96589.04,14364.88865
2024-12-05,23:00:00,96589.03,97457.55,95340.0,96945.63,4167.05397
2024-12-06,00:00:00,96945.63,97757.51,95981.72,97551.99,3693.49758
2024-12-06,01:00:00,97551.99,98828.7,97109.68,98118.38,3073.99532
2024-12-06,02:00:00,98118.38,98161.07,97473.68,97589.74,1855.59169
2024-12-06,03:00:00,97589.75,97752.14,97186.27,97735.29,1879.69228
2024-12-06,04:00:00,97735.29,97972.85,97370.19,97877.5,917.85636
2024-12-06,05:00:00,97877.51,98266.66,97633.26,97864.01,1012.8073
2024-12-06,06:00:00,97864.02,98275.9,97755.09,98079.96,1155.86623
2024-12-06,07:00:00,98079.97,98288.0,97759.74,98138.54,1513.64496
2024-12-06,08:00:00,98138.53,98705.23,98013.93,98345.38,1621.63385
2024-12-06,09:00:00,98345.38,98542.33,97927.22,98000.0,1586.98865
2024-12-06,10:00:00,98000.0,98186.0,97622.86,98124.78,1357.01704
2024-12-06,11:00:00,98124.79,98320.0,97812.42,98069.62,942.87343
2024-12-06,12:00:00,98069.61,98382.36,97512.26,97636.29,1273.05657
2024-12-06,13:00:00,97638.55,98913.46,97512.26,98591.99,2422.42538
2024-12-06,14:00:00,98591.99,99483.81,98346.19,99481.69,3056.5731
2024-12-06,15:00:00,99481.68,99483.81,98568.82,99309.99,2616.12535
2024-12-06,16:00:00,99310.0,99500.0,98762.6,99004.07,1589.18851
2024-12-06,17:00:00,99004.06,101250.0,98882.58,100844.05,3287.63064
2024-12-06,18:00:00,100844.06,101766.48,100588.23,101363.95,3318.42583
2024-12-06,19:00:00,101363.95,101799.0,101120.16,101439.99,1457.11119
2024-12-06,20:00:00,101439.99,101898.99,101056.0,101360.0,1587.73777
2024-12-06,21:00:00,101360.0,101449.99,100290.9,100372.01,1134.08609
2024-12-06,22:00:00,100372.01,100707.37,100357.68,100504.0,695.79652
2024-12-06,23:00:00,100504.0,100573.99,99053.03,99740.84,1999.91146
2024-12-07,00:00:00,99740.84,100406.15,99529.41,100272.01,912.55455
2024-12-07,01:00:00,100272.01,100428.0,99824.62,100044.31,666.65588
2024-12-07,02:00:00,100044.31,100169.42,99868.0,99930.01,423.24483
2024-12-07,03:00:00,99930.01,99930.01,99285.71,99299.63,800.94309
2024-12-07,04:00:00,99299.64,99666.31,99025.01,99494.57,859.54997
2024-12-07,05:00:00,99494.58,99643.96,98844.0,99155.98,909.81086
2024-12-07,06:00:00,99155.99,99393.6,99060.12,99336.27,808.71363
2024-12-07,07:00:00,99336.28,99494.19,99108.0,99405.2,675.92852
2024-12-07,08:00:00,99405.2,99561.44,99260.0,99414.76,498.53222
2024-12-07,09:00:00,99414.76,99821.83,99414.75,99676.48,558.38011
2024-12-07,10:00:00,99676.48,99708.43,99440.0,99529.5,795.39219
2024-12-07,11:00:00,99529.5,99750.0,99421.53,99620.0,437.99027
2024-12-07,12:00:00,99620.0,99703.55,99364.0,99426.87,421.89864
2024-12-07,13:00:00,99426.88,99518.75,99304.0,99350.0,495.32597
2024-12-07,14:00:00,99350.0,99779.34,99036.01,99465.3,738.05732
2024-12-07,15:00:00,99465.3,99800.0,99336.0,99756.01,753.80096
2024-12-07,16:00:00,99756.0,99799.99,99476.62,99621.56,503.9181
2024-12-07,17:00:00,99621.57,99717.8,99460.37,99631.97,416.16617
2024-12-07,18:00:00,99631.98,100263.64,99582.35,100123.32,722.0258
2024-12-07,19:00:00,100123.32,100262.35,99920.31,100077.45,615.47471
2024-12-07,20:00:00,100077.45,100380.72,100077.45,100313.57,439.41032
2024-12-07,21:00:00,100313.57,100439.18,99700.0,99869.8,527.22024
2024-12-07,22:00:00,99869.81,100046.92,99595.11,99595.11,408.98144
2024-12-07,23:00:00,99595.12,100259.0,99595.11,99831.99,541.97011
2024-12-08,00:00:00,99831.99,99978.38,99632.28,99978.38,384.70173
2024-12-08,01:00:00,99978.38,100128.0,99669.01,99848.36,390.67541
2024-12-08,02:00:00,99848.35,100328.88,99750.17,100146.9,590.34251
2024-12-08,03:00:00,100146.91,100260.0,99912.0,99934.82,322.49487
2024-12-08,04:00:00,99934.83,100030.0,99694.66,99756.01,483.49842
2024-12-08,05:00:00,99756.0,99783.56,99370.0,99534.26,431.31034
2024-12-08,06:00:00,99534.26,99803.32,99336.0,99675.96,397.06249
2024-12-08,07:00:00,99675.97,99863.35,99632.61,99675.11,278.48465
2024-12-08,08:00:00,99675.11,99687.85,98964.0,98980.01,668.22137
2024-12-08,09:00:00,98980.02,99300.0,98657.7,98884.02,890.41696
2024-12-08,10:00:00,98884.03,99409.02,98876.0,99249.22,525.53622
2024-12-08,11:00:00,99249.21,99844.28,99124.01,99701.16,473.22138
2024-12-08,12:00:00,99701.17,100200.0,99452.0,99922.48,766.06693
2024-12-08,13:00:00,99922.49,100500.0,99803.8,100408.8,993.73135
2024-12-08,14:00:00,100408.79,100426.1,99724.75,99726.73,784.39963
2024-12-08,15:00:00,99726.72,99964.63,99357.16,99912.01,844.24534
2024-12-08,16:00:00,99912.01,100142.85,99733.15,99832.96,648.81492
2024-12-08,17:00:00,99832.97,100000.0,99628.01,99943.98,477.73217
2024-12-08,18:00:00,99943.99,100016.0,99563.83,99660.98,561.37841
2024-12-08,19:00:00,99660.99,100198.0,99480.0,100100.98,531.70789
2024-12-08,20:00:00,100100.99,100156.0,99800.0,99800.01,402.06692
2024-12-08,21:00:00,99800.01,100058.83,99736.06,100026.97,359.99203
2024-12-08,22:00:00,100026.98,100274.44,99879.21,100220.01,504.28845
2024-12-08,23:00:00,100220.01,101351.0,100088.98,101109.59,1902.60649
2024-12-09,00:00:00,101109.6,101215.93,99347.98,99656.36,2258.99758
2024-12-09,01:00:00,99656.36,99863.99,99390.0,99528.54,823.51766
2024-12-09,02:00:00,99528.55,99721.56,99009.73,99195.89,1413.47378
2024-12-09,03:00:00,99195.89,99350.45,98432.18,99090.84,1635.58345
2024-12-09,04:00:00,99090.84,99459.61,98767.54,99427.99,1121.55117
2024-12-09,05:00:00,99428.0,99554.89,99324.0,99435.87,828.28925
2024-12-09,06:00:00,99435.87,99475.99,98856.02,99044.64,742.40929
2024-12-09,07:00:00,99044.64,99729.88,98328.0,99576.51,1948.804
2024-12-09,08:00:00,99576.51,99679.71,98808.0,98901.15,1450.14652
2024-12-09,09:00:00,98901.15,99099.99,98406.08,98406.08,1562.66715
2024-12-09,10:00:00,98406.08,98770.11,98272.04,98714.52,1334.96471
2024-12-09,11:00:00,98714.52,98714.52,98035.57,98088.47,1407.15762
2024-12-09,12:00:00,98088.47,98627.7,97948.01,98601.05,1508.07381
2024-12-09,13:00:00,98601.05,99211.58,98237.03,99004.03,1460.24803
2024-12-09,14:00:00,99004.03,100390.0,98856.0,100156.26,2487.20504
2024-12-09,15:00:00,100156.26,100421.8,97508.58,97812.0,5110.07575
2024-12-09,16:00:00,97812.0,98398.0,97460.0,97844.06,2642.96173
2024-12-09,17:00:00,97844.06,98240.0,97350.0,97368.04,1542.83473
2024-12-09,18:00:00,97368.05,98260.0,97365.48,97776.66,1546.89958
2024-12-09,19:00:00,97776.65,97776.66,97000.0,97070.32,1913.69602
2024-12-09,20:00:00,97070.33,97330.49,96111.0,96252.01,3713.47796
2024-12-09,21:00:00,96252.0,97572.52,94150.05,96892.0,8232.45482
2024-12-09,22:00:00,96892.0,97381.47,94837.42,96984.01,5598.2857
2024-12-09,23:00:00,96984.0,97533.14,96700.46,97276.47,1665.3406
2024-12-10,00:00:00,97276.48,98138.0,97000.0,97867.91,1941.40264
2024-12-10,01:00:00,97867.91,98058.5,97467.8,97946.0,1095.21618
2024-12-10,02:00:00,97946.0,97946.01,96614.27,96660.01,1804.43021
2024-12-10,03:00:00,96660.0,96947.26,95565.41,96931.99,3126.85208
2024-12-10,04:00:00,96931.99,97132.45,95900.0,97031.97,1630.90831
2024-12-10,05:00:00,97031.98,97051.99,96520.49,96941.99,1054.45271
2024-12-10,06:00:00,96941.99,97519.2,96810.85,97464.6,1222.41402
2024-12-10,07:00:00,97464.6,97502.74,96908.0,97196.44,943.52763
2024-12-10,08:00:00,97196.44,97547.52,96938.19,97385.72,866.37002
2024-12-10,09:00:00,97385.72,97680.0,97224.79,97489.1,851.77822
2024-12-10,10:00:00,97489.1,97862.43,97489.09,97687.5,947.81939
2024-12-10,11:00:00,97687.5,97937.5,97444.42,97722.52,1066.94048
2024-12-10,12:00:00,97722.53,97841.1,96864.04,97161.5,1548.27714
2024-12-10,13:00:00,97161.5,97929.99,97128.0,97738.36,1701.94365
2024-12-10,14:00:00,97738.35,98270.0,97140.0,97820.01,3526.12099
2024-12-10,15:00:00,97820.01,98113.68,95555.0,95658.79,4812.98677
2024-12-10,16:00:00,95658.79,96500.0,94508.69,96319.77,7543.54551
2024-12-10,17:00:00,96319.76,96391.17,94401.76,94484.01,5401.7541
2024-12-10,18:00:00,94484.01,95524.0,94256.54,95132.03,2558.43561
2024-12-10,19:00:00,95132.04,96171.14,94980.27,95856.5,1778.37842
2024-12-10,20:00:00,95856.5,96700.0,95616.0,96434.76,1949.38081
2024-12-10,21:00:00,96434.75,97200.7,96382.35,96858.0,2026.89962
2024-12-10,22:00:00,96858.0,97099.49,96587.43,96849.44,1109.33596
2024-12-10,23:00:00,96849.45,97128.62,96402.7,96593.0,1199.51886
2024-12-11,00:00:00,96593.0,96842.42,95816.36,96412.61,1676.16419
2024-12-11,01:00:00,96412.61,96635.79,95658.24,95752.02,1661.31944
2024-12-11,02:00:00,95752.02,97444.44,95677.96,97207.29,1684.35094
2024-12-11,03:00:00,97207.29,97625.76,97128.24,97398.43,1079.97914
2024-12-11,04:00:00,97398.42,97600.0,97181.7,97546.96,1071.82464
2024-12-11,05:00:00,97546.97,97700.0,97300.8,97495.19,581.0697
2024-12-11,06:00:00,97495.2,97765.77,97391.4,97689.57,482.35697
2024-12-11,07:00:00,97689.57,97790.36,97248.87,97334.6,747.3797
2024-12-11,08:00:00,97334.59,98472.57,97316.78,98109.9,1557.01346
2024-12-11,09:00:00,98109.9,98171.35,97757.44,97999.99,778.4462
2024-12-11,10:00:00,98000.0,98301.17,97862.66,98214.29,779.21065
2024-12-11,11:00:00,98214.29,98450.0,98137.09,98292.61,800.38789
2024-12-11,12:00:00,98292.61,98493.04,98164.02,98236.0,775.58074
2024-12-11,13:00:00,98236.0,98865.47,98072.33,98736.86,1875.90205
2024-12-11,14:00:00,98736.86,99539.29,98369.82,99515.98,2230.1931
2024-12-11,15:00:00,99515.99,100800.0,99414.72,100361.64,5764.6058
2024-12-11,16:00:00,100361.64,101090.9,100295.61,100575.99,2950.52479
2024-12-11,17:00:00,100576.0,100982.07,99660.15,99781.9,2298.27737
2024-12-11,18:00:00,99781.89,100786.3,99608.23,100388.71,2207.59419
2024-12-11,19:00:00,100388.72,101141.01,100388.71,101122.71,1758.39622
2024-12-11,20:00:00,101122.71,101674.72,101024.75,101271.56,2068.71914
2024-12-11,21:00:00,101271.57,101536.7,100866.42,101520.12,1152.9581
2024-12-11,22:00:00,101520.13,101888.0,101180.63,101209.74,1098.87478
2024-12-11,23:00:00,101209.74,101500.0,101068.25,101125.0,672.65371
2024-12-12,00:00:00,101125.0,101200.0,100559.71,100772.46,970.26535
2024-12-12,01:00:00,100772.47,100861.98,100331.61,100496.3,1065.71101
2024-12-12,02:00:00,100496.3,101824.77,100496.3,101824.76,1067.28192
2024-12-12,03:00:00,101824.77,101829.0,100792.0,101025.87,1481.01937
2024-12-12,04:00:00,101025.88,101191.85,100572.0,100675.7,877.84617
2024-12-12,05:00:00,100675.7,101136.92,100617.64,100618.86,1063.06897
2024-12-12,06:00:00,100618.87,100701.24,100402.82,100584.37,548.35286
2024-12-12,07:00:00,100584.37,100828.16,100496.47,100499.99,528.75796
2024-12-12,08:00:00,100499.99,101049.36,100470.58,100980.0,703.4733
2024-12-12,09:00:00,100979.99,101126.54,100794.11,100814.07,604.85218
2024-12-12,10:00:00,100814.06,100814.07,100473.14,100579.44,620.99851
2024-12-12,11:00:00,100579.44,100637.97,100178.32,100358.42,663.75995
2024-12-12,12:00:00,100358.42,100944.0,100348.35,100828.0,783.19887
2024-12-12,13:00:00,100828.0,101545.78,100540.74,100911.99,1810.00915
2024-12-12,14:00:00,100912.0,101749.74,100629.41,101702.04,2588.59757
2024-12-12,15:00:00,101702.04,101861.6,100700.07,101797.14,2345.92427
2024-12-12,16:00:00,101797.14,102540.0,101462.49,101462.49,3118.04465
2024-12-12,17:00:00,101462.49,101700.0,101227.27,101617.65,1046.05464
2024-12-12,18:00:00,101617.64,101657.75,100831.0,100857.59,907.96892
2024-12-12,19:00:00,100857.59,101052.77,99311.64,99481.32,2862.5031
2024-12-12,20:00:00,99481.33,100464.73,99465.33,100028.01,1571.02583
2024-12-12,21:00:00,100028.02,100109.09,99700.0,99760.01,764.0716
2024-12-12,22:00:00,99760.01,100476.19,99513.0,100444.0,803.02299
2024-12-12,23:00:00,100444.0,100476.0,99879.38,100004.29,436.27831
2024-12-13,00:00:00,100004.29,100356.85,99939.85,100083.21,501.95354
2024-12-13,01:00:00,100083.21,100140.0,99210.53,99323.94,996.85798
2024-12-13,02:00:00,99323.94,99675.66,99205.0,99484.99,1138.64214
2024-12-13,03:00:00,99484.99,99793.5,99484.98,99729.09,532.23358
2024-12-13,04:00:00,99729.09,100054.91,99652.0,100000.46,531.66419
2024-12-13,05:00:00,100000.46,100172.0,99850.35,99890.0,430.05413
2024-12-13,06:00:00,99889.99,100092.0,99700.0,99700.0,483.54224
2024-12-13,07:00:00,99700.0,100225.52,99500.0,100130.0,1277.18261
2024-12-13,08:00:00,100130.01,100361.93,99896.0,100272.0,562.17584
2024-12-13,09:00:00,100271.99,100340.0,99904.43,100100.0,499.52207
2024-12-13,10:00:00,100100.0,100550.0,99913.51,100457.62,520.33241
2024-12-13,11:00:00,100457.62,100789.0,100314.19,100353.37,678.01774
2024-12-13,12:00:00,100353.37,100470.59,100142.11,100299.85,462.58738
2024-12-13,13:00:00,100299.85,100527.91,99936.25,100284.35,605.47063
2024-12-13,14:00:00,100284.36,101018.12,100220.92,101018.12,988.71208
2024-12-13,15:00:00,101018.12,101375.26,99700.0,99873.16,2338.34375
2024-12-13,16:00:00,99873.16,101272.73,99800.0,100988.01,1964.84991
2024-12-13,17:00:00,100988.02,101777.75,100780.01,101737.89,1575.29189
2024-12-13,18:00:00,101737.88,101895.26,101293.14,101495.91,1655.90604
2024-12-13,19:00:00,101495.92,101617.65,101205.88,101462.34,980.79695
2024-12-13,20:00:00,101462.34,101879.98,101227.97,101680.0,1230.46768
2024-12-13,21:00:00,101680.01,101691.46,101250.09,101303.64,699.51818
2024-12-13,22:00:00,101303.63,101407.99,101090.9,101227.28,406.27702
2024-12-13,23:00:00,101227.28,101529.42,101139.88,101424.25,843.63925
2024-12-14,00:00:00,101424.24,101519.42,101148.35,101301.07,468.18694
2024-12-14,01:00:00,101301.07,102650.0,101301.07,102145.28,2528.31652
2024-12-14,02:00:00,102145.28,102279.43,101668.45,102032.61,698.88108
2024-12-14,03:00:00,102032.61,102344.0,102022.39,102088.0,406.92709
2024-12-14,04:00:00,102088.0,102138.0,101590.9,101681.81,636.87362
2024-12-14,05:00:00,101681.82,101816.71,101632.0,101722.8,439.71251
2024-12-14,06:00:00,101722.79,102000.0,101690.37,101906.05,572.18592
2024-12-14,07:00:00,101906.06,101923.99,101596.43,101824.0,706.73681
2024-12-14,08:00:00,101824.0,101863.64,101578.58,101803.03,319.99027
2024-12-14,09:00:00,101803.04,101803.04,101478.05,101551.28,327.22429
2024-12-14,10:00:00,101551.29,101602.31,101321.0,101550.58,371.42714
2024-12-14,11:00:00,101550.59,101697.5,101464.92,101583.99,227.39658
2024-12-14,12:00:00,101584.0,101647.06,101241.26,101297.96,590.74082
2024-12-14,13:00:00,101297.96,101411.63,100826.38,101170.05,1220.28333
2024-12-14,14:00:00,101170.04,101536.0,101163.64,101434.3,526.12869
2024-12-14,15:00:00,101434.3,101742.43,101342.71,101625.12,400.83121
2024-12-14,16:00:00,101625.12,101650.77,101420.01,101650.76,412.87893
2024-12-14,17:00:00,101650.77,101737.7,100860.0,100988.0,798.14281
2024-12-14,18:00:00,100988.01,101175.75,100831.63,100895.98,659.88076
2024-12-14,19:00:00,100895.99,101411.77,100872.38,101313.54,442.94587
2024-12-14,20:00:00,101313.54,101409.92,100609.41,100760.0,528.13263
2024-12-14,21:00:00,100760.0,101187.03,100760.0,101074.68,300.55759
2024-12-14,22:00:00,101074.68,101259.25,100895.53,101117.63,292.13848
2024-12-14,23:00:00,101117.64,101499.08,101045.45,101420.0,315.18337
2024-12-15,00:00:00,101420.0,101558.83,101237.14,101442.42,313.78863
2024-12-15,01:00:00,101442.41,102196.97,101424.01,102134.48,1458.80477
2024-12-15,02:00:00,102134.48,102155.28,101775.88,101831.15,728.33298
2024-12-15,03:00:00,101831.16,101931.73,101722.31,101733.82,216.32352
2024-12-15,04:00:00,101733.83,102850.0,101733.82,102366.17,1788.48948
2024-12-15,05:00:00,102366.17,102511.81,102107.92,102159.29,485.39491
2024-12-15,06:00:00,102159.29,102169.9,101759.8,101759.8,417.41142
2024-12-15,07:00:00,101759.81,101941.18,101534.01,101732.09,399.71077
2024-12-15,08:00:00,101732.09,102015.16,101581.07,102015.15,434.85636
2024-12-15,09:00:00,102015.15,102270.95,101919.6,102264.34,361.99787
2024-12-15,10:00:00,102264.34,102450.22,102147.58,102280.0,390.62989
2024-12-15,11:00:00,102280.01,102691.01,102228.01,102671.44,613.11003
2024-12-15,12:00:00,102671.44,103359.97,102533.33,102946.54,2308.19851
2024-12-15,13:00:00,102946.55,102987.43,102473.01,102784.65,917.26646
2024-12-15,14:00:00,102784.65,103061.88,102622.99,102994.37,988.69088
2024-12-15,15:00:00,102994.37,103039.99,102704.0,102704.01,704.04111
2024-12-15,16:00:00,102704.0,103490.0,102583.65,103127.08,1092.30198
2024-12-15,17:00:00,103127.08,103368.19,102978.93,103164.0,493.45924
2024-12-15,18:00:00,103164.01,103358.89,102984.58,103204.0,381.5582
2024-12-15,19:00:00,103203.99,103455.0,103178.47,103252.95,474.6008
2024-12-15,20:00:00,103252.96,103404.16,103066.67,103144.83,421.52166
2024-12-15,21:00:00,103144.83,103197.67,102634.25,102859.06,733.51731
2024-12-15,22:00:00,102859.05,103385.8,102621.5,103277.32,752.53486
2024-12-15,23:00:00,103277.31,105250.0,103246.07,104463.99,5352.380135
2024-12-16,00:00:00,104463.99,106648.0,104324.5,105444.95,4439.214326
2024-12-16,01:00:00,105444.95,105591.58,104979.39,105531.99,1469.85302
2024-12-16,02:00:00,105532.0,105640.0,104446.28,104585.32,1719.94162
2024-12-16,03:00:00,104585.32,105000.0,104259.48,104582.28,1174.83928
2024-12-16,04:00:00,104582.28,104805.22,104469.89,104686.15,650.79766
2024-12-16,05:00:00,104686.15,105064.0,104482.46,105028.0,781.51923
2024-12-16,06:00:00,105028.01,105373.76,104956.0,105149.98,971.06116
2024-12-16,07:00:00,105149.98,105420.76,104900.0,104992.79,679.89461
2024-12-16,08:00:00,104992.79,105016.85,104505.22,104535.44,713.40126
2024-12-16,09:00:00,104535.44,104942.48,104500.46,104676.72,767.27443
2024-12-16,10:00:00,104676.73,104722.1,104350.01,104684.99,993.28252
2024-12-16,11:00:00,104684.98,104836.36,103625.78,103757.99,1498.30185
2024-12-16,12:00:00,103758.0,104145.9,103333.0,103656.02,1555.92886
2024-12-16,13:00:00,103656.02,104138.99,103484.51,103908.02,1256.73983
2024-12-16,14:00:00,103908.03,106000.0,103879.25,105487.0,3025.52605
2024-12-16,15:00:00,105487.01,106499.99,105253.46,106332.01,3451.11467
2024-12-16,16:00:00,106332.0,107195.58,106140.0,106824.95,3224.840458
2024-12-16,17:00:00,106824.94,107195.0,106693.26,107078.55,2075.56347
2024-12-16,18:00:00,107078.55,107793.07,106882.47,107078.6,3417.436286
2024-12-16,19:00:00,107078.6,107078.61,105797.41,106583.12,3277.26405
2024-12-16,20:00:00,106583.13,106648.48,105762.56,105808.36,1901.28728
2024-12-16,21:00:00,105808.36,106274.9,105688.93,106057.77,880.5882
2024-12-16,22:00:00,106057.78,106301.59,105721.39,105815.99,620.69466
2024-12-16,23:00:00,105816.0,106064.0,105480.02,106058.66,756.03796
2024-12-17,00:00:00,106058.65,106244.4,105657.34,105856.51,1086.89201
2024-12-17,01:00:00,105856.51,106469.29,105744.62,106376.0,1112.03906
2024-12-17,02:00:00,106376.01,106590.55,106197.74,106269.14,804.33118
2024-12-17,03:00:00,106269.15,107000.0,106240.5,106866.49,879.61902
2024-12-17,04:00:00,106866.5,106866.5,106412.99,106500.77,533.2583
2024-12-17,05:00:00,106500.77,106823.28,106448.0,106817.43,576.75389
2024-12-17,06:00:00,106817.44,106845.0,106368.45,106549.98,543.19883
2024-12-17,07:00:00,106549.99,107143.29,106478.0,106805.75,1284.61121
2024-12-17,08:00:00,106805.75,107550.02,106753.53,107406.61,1330.80553
2024-12-17,09:00:00,107406.61,107474.1,107130.0,107306.03,693.66559
2024-12-17,10:00:00,107306.03,107343.82,106897.44,107209.67,792.66466
2024-12-17,11:00:00,107209.67,107329.49,106708.86,106808.31,805.81206
2024-12-17,12:00:00,106808.31,107177.55,106534.29,107136.01,997.93197
2024-12-17,13:00:00,107136.01,107620.09,106981.06,107298.42,795.32765
2024-12-17,14:00:00,107298.42,108353.0,107056.13,108258.39,2997.397586
2024-12-17,15:00:00,108258.38,108258.38,105725.99,106478.47,4148.52325
2024-12-17,16:00:00,106478.48,107100.86,106148.0,107075.72,1719.4703
2024-12-17,17:00:00,107075.73,107617.12,106713.96,107506.37,1501.46563
2024-12-17,18:00:00,107506.37,107633.0,106410.55,106551.89,1312.39668
2024-12-17,19:00:00,106551.89,106986.44,106216.06,106475.89,1342.0232
2024-12-17,20:00:00,106475.89,106903.99,106156.22,106732.98,1003.81925
2024-12-17,21:00:00,106732.98,106799.18,106236.53,106411.54,442.63546
2024-12-17,22:00:00,106411.53,106419.38,105321.49,105972.01,1143.43647
2024-12-17,23:00:00,105972.0,106350.01,105550.0,106133.74,1216.85768
2024-12-18,00:00:00,106133.74,106460.0,105620.03,106098.93,999.41593
2024-12-18,01:00:00,106098.92,106524.98,104942.32,105332.84,2375.39062
2024-12-18,02:00:00,105335.23,105651.88,105016.0,105312.91,985.53584
2024-12-18,03:00:00,105312.9,105331.63,104581.58,104763.98,1424.59685
2024-12-18,04:00:00,104763.99,104763.99,103516.98,103868.01,2603.97627
2024-12-18,05:00:00,103868.0,104125.18,103276.0,103572.17,1659.2154
2024-12-18,06:00:00,103572.16,104000.21,103137.82,103794.65,1754.3718
2024-12-18,07:00:00,103794.65,104317.82,103702.32,104250.75,1239.07366
2024-12-18,08:00:00,104250.75,104378.92,103729.18,103805.43,707.25432
2024-12-18,09:00:00,103805.42,104435.0,103804.66,104047.99,794.73016
2024-12-18,10:00:00,104047.99,104659.25,103984.0,104531.03,547.48679
2024-12-18,11:00:00,104531.03,105033.33,104500.0,105028.33,878.17039
2024-12-18,12:00:00,105028.33,105350.0,104687.44,104920.01,1428.18959
2024-12-18,13:00:00,104920.02,105271.8,104532.01,104580.58,888.4685
2024-12-18,14:00:00,104580.57,104860.66,103855.07,104019.93,2756.64761
2024-12-18,15:00:00,104019.94,104569.41,103650.0,104428.54,2169.56095
2024-12-18,16:00:00,104428.54,104474.14,103380.43,104199.62,2165.97625
2024-12-18,17:00:00,104199.63,104819.83,103876.0,104656.18,998.63962
2024-12-18,18:00:00,104656.18,104999.98,104150.01,104808.99,1126.2738
2024-12-18,19:00:00,104805.44,104805.44,102817.82,102817.82,4875.44811
2024-12-18,20:00:00,102817.82,102997.77,100303.72,100846.67,10402.4441
2024-12-18,21:00:00,100846.68,101745.45,100481.81,101010.55,3022.31056
2024-12-18,22:00:00,101010.54,101560.89,100648.99,101152.45,1684.68673
2024-12-18,23:00:00,101152.45,101203.45,100000.0,100204.01,2820.1337
2024-12-19,00:00:00,100204.01,100986.09,100128.0,100831.16,2011.20722
2024-12-19,01:00:00,100831.17,100903.28,99605.98,99768.97,1922.58004
2024-12-19,02:00:00,99768.97,100534.56,98802.0,100534.56,4808.2326
2024-12-19,03:00:00,100534.56,101310.25,100456.0,101193.15,2269.12938
2024-12-19,04:00:00,101193.15,101228.31,100629.99,100671.62,834.9752
2024-12-19,05:00:00,100671.62,101415.25,100671.62,101300.01,935.02447
2024-12-19,06:00:00,101300.01,101392.15,101015.44,101200.01,712.40267
2024-12-19,07:00:00,101200.01,101727.28,101124.46,101656.57,716.67385
2024-12-19,08:00:00,101656.57,101820.0,101380.1,101640.4,745.8115
2024-12-19,09:00:00,101640.4,101873.08,101537.56,101815.99,863.07944
2024-12-19,10:00:00,101815.99,102609.72,101758.19,102409.34,1608.23665
2024-12-19,11:00:00,102409.34,102514.05,102176.38,102449.99,857.73867
2024-12-19,12:00:00,102450.0,102559.21,101882.09,101988.0,1055.08532
2024-12-19,13:00:00,101987.99,102216.07,101667.0,101952.44,1706.53325
2024-12-19,14:00:00,101952.44,102800.11,100694.07,100942.41,3192.18817
2024-12-19,15:00:00,100942.41,101063.38,99500.0,100679.86,4543.00113
2024-12-19,16:00:00,100679.86,101200.0,99830.0,100716.3,2127.60244
2024-12-19,17:00:00,100716.3,100748.87,97500.0,98855.86,5111.98146
2024-12-19,18:00:00,98855.86,98952.73,96900.0,98932.73,5024.54216
2024-12-19,19:00:00,98932.72,99064.06,96251.32,97199.72,3592.37286
2024-12-19,20:00:00,97199.72,97312.0,95700.0,96409.54,4430.95326
2024-12-19,21:00:00,96409.55,98090.9,95828.98,97417.66,2612.13623
2024-12-19,22:00:00,97417.66,98500.0,97231.02,98391.21,1990.04732
2024-12-19,23:00:00,98391.21,98400.01,97455.3,97461.86,1475.86271
2024-12-20,00:00:00,97461.86,97814.09,96648.78,97248.22,2526.33162
2024-12-20,01:00:00,97248.22,97542.68,96159.84,96319.99,2512.42589
2024-12-20,02:00:00,96319.99,97731.91,96000.0,97632.59,2632.07757
2024-12-20,03:00:00,97632.59,97784.81,96969.7,97106.02,1041.19363
2024-12-20,04:00:00,97106.02,97838.98,96839.4,97304.07,1275.17255
2024-12-20,05:00:00,97304.07,97491.95,96672.47,96734.32,1339.46566
2024-12-20,06:00:00,96734.33,97303.99,96374.03,97281.37,1663.60632
2024-12-20,07:00:00,97281.38,98233.0,97276.5,97832.53,2593.15424
2024-12-20,08:00:00,97832.52,97864.91,95300.0,95473.74,3437.65104
2024-12-20,09:00:00,95473.74,95738.79,94682.27,94811.85,4514.51169
2024-12-20,10:00:00,94811.85,95114.71,94000.0,94359.53,4759.81141
2024-12-20,11:00:00,94359.54,94749.92,92612.1,92723.98,6297.21711
2024-12-20,12:00:00,92723.99,94244.0,92232.54,93941.75,5424.78009
2024-12-20,13:00:00,93941.74,95803.57,93581.32,95204.0,4179.24629
2024-12-20,14:00:00,95204.0,96235.29,94745.87,95627.99,3245.11909
2024-12-20,15:00:00,95628.0,97572.0,95608.01,96991.62,3494.16219
2024-12-20,16:00:00,96991.63,97700.0,96300.0,96727.99,2894.1009
2024-12-20,17:00:00,96728.0,97375.45,96427.0,97206.59,1735.72497
2024-12-20,18:00:00,97206.6,97308.39,96602.69,96993.58,1216.44814
2024-12-20,19:00:00,96992.26,97748.0,96840.0,97116.0,1339.74895
2024-12-20,20:00:00,97116.0,97232.0,96422.06,96451.88,1354.12601
2024-12-20,21:00:00,96451.88,96647.36,95393.84,96623.29,1604.6054
2024-12-20,22:00:00,96623.29,97513.0,96451.03,97463.93,978.34197
2024-12-20,23:00:00,97463.93,97816.44,97389.38,97805.44,825.11297
2024-12-21,00:00:00,97805.44,97813.59,97216.32,97525.77,941.26945
2024-12-21,01:00:00,97525.77,97668.68,97198.76,97357.23,939.899
2024-12-21,02:00:00,97357.23,97610.54,97188.09,97396.0,507.91033
2024-12-21,03:00:00,97396.0,97487.47,97244.0,97487.46,489.58985
2024-12-21,04:00:00,97487.47,97643.0,97378.5,97588.0,424.52783
2024-12-21,05:00:00,97588.0,98692.0,97541.06,98691.98,1167.51919
2024-12-21,06:00:00,98691.98,98837.49,98318.6,98726.76,1768.19966
2024-12-21,07:00:00,98726.76,99540.61,98500.0,99040.0,2107.7034
2024-12-21,08:00:00,99040.0,99187.95,98438.01,98650.0,1024.17691
2024-12-21,09:00:00,98650.0,98686.77,98296.01,98565.82,668.62346
2024-12-21,10:00:00,98565.82,98649.9,98043.12,98131.22,904.66058
2024-12-21,11:00:00,98131.22,98424.77,97800.0,98262.08,836.65859
2024-12-21,12:00:00,98262.08,98283.95,97105.26,97131.99,1762.27838
2024-12-21,13:00:00,97132.0,97500.48,96398.39,97344.54,2544.04817
2024-12-21,14:00:00,97344.02,97755.35,97069.4,97083.11,968.11701
2024-12-21,15:00:00,97083.11,97719.86,97070.28,97527.97,655.66124
2024-12-21,16:00:00,97527.96,97718.8,96951.41,97292.0,1007.90405
2024-12-21,17:00:00,97292.0,97695.8,97035.58,97595.28,805.82908
2024-12-21,18:00:00,97595.29,97723.18,97287.87,97400.01,378.3964
2024-12-21,19:00:00,97400.01,97436.69,96819.36,97269.03,741.60788
2024-12-21,20:00:00,97269.03,98057.51,97224.83,97456.91,882.07806
2024-12-21,21:00:00,97456.92,97577.99,96539.91,96892.0,703.06094
2024-12-21,22:00:00,96892.0,97399.99,96624.0,97147.46,879.19206
2024-12-21,23:00:00,97147.46,97313.26,96900.0,97291.99,374.62991
2024-12-22,00:00:00,97292.0,97448.08,97052.0,97253.01,422.37636
2024-12-22,01:00:00,97253.01,97432.69,96720.0,97060.01,447.72923
2024-12-22,02:00:00,97060.0,97236.18,96613.18,96719.99,371.81103
2024-12-22,03:00:00,96719.99,97320.0,96549.37,96994.37,606.61122
2024-12-22,04:00:00,96994.37,97071.97,96072.0,96076.01,713.4718
2024-12-22,05:00:00,96076.01,96409.64,95890.28,96156.19,1122.09453
2024-12-22,06:00:00,96156.19,96749.99,96112.0,96739.99,591.16867
2024-12-22,07:00:00,96740.0,96847.99,96080.0,96210.24,554.68137
2024-12-22,08:00:00,96210.25,96689.55,96196.85,96534.5,503.87812
2024-12-22,09:00:00,96534.51,97256.02,96333.5,96940.27,777.26357
2024-12-22,10:00:00,96940.27,97351.57,96852.0,97009.03,522.54613
2024-12-22,11:00:00,97009.03,97334.25,96988.0,97101.28,381.30098
2024-12-22,12:00:00,97101.29,97300.0,96836.36,96987.61,442.59499
2024-12-22,13:00:00,96987.61,97250.0,96850.0,96976.0,512.0706
2024-12-22,14:00:00,96976.0,97044.02,95254.77,95363.44,2055.07585
2024-12-22,15:00:00,95363.44,95660.8,95109.13,95377.72,1435.1653
2024-12-22,16:00:00,95377.71,95888.09,95200.0,95715.09,972.83507
2024-12-22,17:00:00,95715.09,95854.54,95457.62,95612.19,554.90428
2024-12-22,18:00:00,95612.18,96444.45,95371.96,95955.22,987.27141
2024-12-22,19:00:00,95955.23,96152.0,94700.0,94836.55,1395.29769
2024-12-22,20:00:00,94836.55,95624.0,94424.0,95592.49,1089.42566
2024-12-22,21:00:00,95592.49,95740.0,95069.03,95203.11,734.29415
2024-12-22,22:00:00,95203.1,95640.0,94250.35,95547.41,1382.4143
2024-12-22,23:00:00,95547.42,95824.0,95024.0,95186.27,777.54805
2024-12-23,00:00:00,95186.28,95410.77,94333.33,94390.84,1150.62099
2024-12-23,01:00:00,94390.83,95130.01,93771.37,94449.99,1808.05684
2024-12-23,02:00:00,94450.0,94786.45,93700.42,94723.96,1620.88771
2024-12-23,03:00:00,94723.96,96043.99,94610.76,96025.15,1448.87686
2024-12-23,04:00:00,96025.15,96509.98,95644.0,95832.03,912.1742
2024-12-23,05:00:00,95832.02,95961.53,95352.21,95608.02,1320.33706
2024-12-23,06:00:00,95608.01,95650.76,94705.07,94824.83,941.38747
2024-12-23,07:00:00,94824.83,95579.62,94824.83,95404.01,745.23607
2024-12-23,08:00:00,95404.01,95554.88,95036.77,95503.87,612.57094
2024-12-23,09:00:00,95503.87,96167.98,95493.22,96013.72,893.03527
2024-12-23,10:00:00,96013.72,96445.17,95962.26,96392.39,943.52748
2024-12-23,11:00:00,96392.4,96538.92,95819.79,95932.42,571.71903
2024-12-23,12:00:00,95932.41,96423.0,95864.8,96305.0,862.92265
2024-12-23,13:00:00,96305.0,96350.0,94832.93,94924.34,1162.5376
2024-12-23,14:00:00,94924.35,95621.54,93700.01,94389.67,3351.51629
2024-12-23,15:00:00,94389.67,94430.89,93107.52,93250.37,2940.01344
2024-12-23,16:00:00,93250.38,94260.0,92928.82,93980.61,2356.01885
2024-12-23,17:00:00,93980.61,94135.47,93206.79,93364.26,1328.46895
2024-12-23,18:00:00,93364.26,93747.66,92690.0,92758.55,1297.92664
2024-12-23,19:00:00,92758.54,93710.03,92702.0,93044.79,1253.88219
2024-12-23,20:00:00,93044.79,93530.01,92520.0,93186.34,1794.60092
2024-12-23,21:00:00,93186.34,94305.61,93181.83,93964.01,1407.12075
2024-12-23,22:00:00,93964.01,95191.81,93911.5,95191.81,1019.60575
2024-12-23,23:00:00,95191.8,95509.09,94683.81,94881.47,1067.72308
2024-12-24,00:00:00,94881.47,94881.47,94131.11,94550.22,955.84079
2024-12-24,01:00:00,94550.23,94672.0,94036.0,94123.43,567.58156
2024-12-24,02:00:00,94123.43,94320.0,93569.02,93961.45,879.60295
2024-12-24,03:00:00,93961.45,94400.0,93810.02,94348.75,732.7987
2024-12-24,04:00:00,94348.75,94416.0,94052.7,94412.3,546.31234
2024-12-24,05:00:00,94412.3,94653.45,94311.55,94606.06,412.67676
2024-12-24,06:00:00,94606.06,94606.07,93830.47,93918.99,591.5778
2024-12-24,07:00:00,93918.99,94313.61,93810.45,94233.19,448.92608
2024-12-24,08:00:00,94233.2,94635.7,94125.42,94495.77,633.45604
2024-12-24,09:00:00,94495.77,94530.42,93952.0,94068.01,446.78916
2024-12-24,10:00:00,94068.01,94194.07,93840.0,93972.01,389.62902
2024-12-24,11:00:00,93972.01,94425.7,93934.69,94398.6,466.22641
2024-12-24,12:00:00,94398.6,94410.39,94075.1,94304.32,421.20785
2024-12-24,13:00:00,94305.84,96094.0,94289.24,96085.02,1620.10206
2024-12-24,14:00:00,96085.02,97498.64,95864.5,97465.06,2637.73752
2024-12-24,15:00:00,97465.06,98300.0,97235.55,98300.0,2291.31734
2024-12-24,16:00:00,98299.99,98666.0,97964.0,98496.23,2172.24903
2024-12-24,17:00:00,98496.23,99030.72,98325.78,98797.47,1789.42098
2024-12-24,18:00:00,98797.47,99487.99,98418.16,98618.66,1479.28279
2024-12-24,19:00:00,98618.66,98743.52,97546.57,97581.09,1005.96025
2024-12-24,20:00:00,97581.1,98056.27,97250.0,97298.01,1248.65596
2024-12-24,21:00:00,97298.02,98462.28,97277.9,98397.96,791.97528
2024-12-24,22:00:00,98397.95,99068.9,98355.43,98777.11,751.43045
2024-12-24,23:00:00,98777.1,99019.1,98492.67,98663.58,393.46776
2024-12-25,00:00:00,98663.58,98878.44,98393.6,98418.42,715.4247
2024-12-25,01:00:00,98418.42,98597.6,97901.08,97983.18,598.005
2024-12-25,02:00:00,97983.17,98353.99,97725.27,98131.07,593.82651
2024-12-25,03:00:00,98131.07,98280.02,97930.53,98029.48,439.76979
2024-12-25,04:00:00,98029.49,98354.39,97875.91,98236.01,336.98364
2024-12-25,05:00:00,98236.01,98360.65,98159.09,98279.28,255.48309
2024-12-25,06:00:00,98279.28,98581.9,97844.18,97884.38,454.7094
2024-12-25,07:00:00,97884.39,98366.79,97873.49,98084.33,407.46219
2024-12-25,08:00:00,98084.33,98271.76,97926.99,98069.71,389.9017
2024-12-25,09:00:00,98069.72,98265.07,98007.69,98189.54,332.61032
2024-12-25,10:00:00,98189.55,99349.31,98145.75,98457.0,1287.95699
2024-12-25,11:00:00,98456.99,98866.77,97773.83,97907.61,1015.89784
2024-12-25,12:00:00,97907.61,98610.11,97632.02,98176.03,1309.0598
2024-12-25,13:00:00,98176.02,98609.89,98131.85,98462.56,455.54429
2024-12-25,14:00:00,98462.57,98832.89,98257.32,98710.0,550.83181
2024-12-25,15:00:00,98710.0,98724.0,98202.43,98519.98,527.91917
2024-12-25,15:00:00,98710.0,98724.0,98202.43,98519.98,527.91917
2024-12-25,16:00:00,98519.99,98696.4,98134.4,98425.51,508.99836
2024-12-25,17:00:00,98425.5,98659.0,98185.21,98570.82,344.11537
2024-12-25,18:00:00,98570.82,98978.18,98544.22,98756.26,567.60019
2024-12-25,19:00:00,98756.26,99299.99,98734.66,99018.52,674.13162
2024-12-25,20:00:00,99018.52,99400.0,98870.95,99144.62,542.46107
2024-12-25,21:00:00,99144.62,99555.0,98384.61,98506.36,873.33545
2024-12-25,22:00:00,98506.37,99100.0,98434.78,98811.16,466.6863
2024-12-25,23:00:00,98811.16,99569.15,98811.16,99429.6,825.4505
2024-12-26,00:00:00,99429.61,99963.7,98955.77,99028.66,1112.66226
